id,firstName,lastName,country,phoneNo,salary,age,jobTitle
1,x1,y1,z1,1,1,1,w1
2,x2,y2,z2,2,2,2,w2
3,x3,y3,z3,3,3,3,w3
4,x4,y4,z4,4,4,4,w4
5,x5,y5,z5,5,5,5,w5
6,x6,y6,z6,6,6,6,w6
7,x7,y7,z7,7,7,7,w7
8,x8,y8,z8,8,8,8,w8
9,x9,y9,z9,9,9,9,w9
10,x10,y10,z10,10,10,10,w10
11,x11,y11,z11,11,11,11,w11
12,x12,y12,z12,12,12,12,w12
13,x13,y13,z13,13,13,13,w13
14,x14,y14,z14,14,14,14,w14
15,x15,y15,z15,15,15,15,w15
16,x16,y16,z16,16,16,16,w16
17,x17,y17,z17,17,17,17,w17
18,x18,y18,z18,18,18,18,w18
19,x19,y19,z19,19,19,19,w19
20,x20,y20,z20,20,20,20,w20
21,x21,y21,z21,21,21,21,w21
22,x22,y22,z22,22,22,22,w22
23,x23,y23,z23,23,23,23,w23
24,x24,y24,z24,24,24,24,w24
25,x25,y25,z25,25,25,25,w25
26,x26,y26,z26,26,26,26,w26
27,x27,y27,z27,27,27,27,w27
28,x28,y28,z28,28,28,28,w28
29,x29,y29,z29,29,29,29,w29
30,x30,y30,z30,30,30,30,w30
31,x31,y31,z31,31,31,31,w31
32,x32,y32,z32,32,32,32,w32
33,x33,y33,z33,33,33,33,w33
34,x34,y34,z34,34,34,34,w34
35,x35,y35,z35,35,35,35,w35
36,x36,y36,z36,36,36,36,w36
37,x37,y37,z37,37,37,37,w37
38,x38,y38,z38,38,38,38,w38
39,x39,y39,z39,39,39,39,w39
40,x40,y40,z40,40,40,40,w40
41,x41,y41,z41,41,41,41,w41
42,x42,y42,z42,42,42,42,w42
43,x43,y43,z43,43,43,43,w43
44,x44,y44,z44,44,44,44,w44
45,x45,y45,z45,45,45,45,w45
46,x46,y46,z46,46,46,46,w46
47,x47,y47,z47,47,47,47,w47
48,x48,y48,z48,48,48,48,w48
49,x49,y49,z49,49,49,49,w49
50,x50,y50,z50,50,50,50,w50
51,x51,y51,z51,51,51,51,w51
52,x52,y52,z52,52,52,52,w52
53,x53,y53,z53,53,53,53,w53
54,x54,y54,z54,54,54,54,w54
55,x55,y55,z55,55,55,55,w55
56,x56,y56,z56,56,56,56,w56
57,x57,y57,z57,57,57,57,w57
58,x58,y58,z58,58,58,58,w58
59,x59,y59,z59,59,59,59,w59
60,x60,y60,z60,60,60,60,w60
61,x61,y61,z61,61,61,61,w61
62,x62,y62,z62,62,62,62,w62
63,x63,y63,z63,63,63,63,w63
64,x64,y64,z64,64,64,64,w64
65,x65,y65,z65,65,65,65,w65
66,x66,y66,z66,66,66,66,w66
67,x67,y67,z67,67,67,67,w67
68,x68,y68,z68,68,68,68,w68
69,x69,y69,z69,69,69,69,w69
70,x70,y70,z70,70,70,70,w70
71,x71,y71,z71,71,71,71,w71
72,x72,y72,z72,72,72,72,w72
73,x73,y73,z73,73,73,73,w73
74,x74,y74,z74,74,74,74,w74
75,x75,y75,z75,75,75,75,w75
76,x76,y76,z76,76,76,76,w76
77,x77,y77,z77,77,77,77,w77
78,x78,y78,z78,78,78,78,w78
79,x79,y79,z79,79,79,79,w79
80,x80,y80,z80,80,80,80,w80
81,x81,y81,z81,81,81,81,w81
82,x82,y82,z82,82,82,82,w82
83,x83,y83,z83,83,83,83,w83
84,x84,y84,z84,84,84,84,w84
85,x85,y85,z85,85,85,85,w85
86,x86,y86,z86,86,86,86,w86
87,x87,y87,z87,87,87,87,w87
88,x88,y88,z88,88,88,88,w88
89,x89,y89,z89,89,89,89,w89
90,x90,y90,z90,90,90,90,w90
91,x91,y91,z91,91,91,91,w91
92,x92,y92,z92,92,92,92,w92
93,x93,y93,z93,93,93,93,w93
94,x94,y94,z94,94,94,94,w94
95,x95,y95,z95,95,95,95,w95
96,x96,y96,z96,96,96,96,w96
97,x97,y97,z97,97,97,97,w97
98,x98,y98,z98,98,98,98,w98
99,x99,y99,z99,99,99,99,w99
100,x100,y100,z100,100,100,100,w100
101,x101,y101,z101,101,101,101,w101
102,x102,y102,z102,102,102,102,w102
103,x103,y103,z103,103,103,103,w103
104,x104,y104,z104,104,104,104,w104
105,x105,y105,z105,105,105,105,w105
106,x106,y106,z106,106,106,106,w106
107,x107,y107,z107,107,107,107,w107
108,x108,y108,z108,108,108,108,w108
109,x109,y109,z109,109,109,109,w109
110,x110,y110,z110,110,110,110,w110
111,x111,y111,z111,111,111,111,w111
112,x112,y112,z112,112,112,112,w112
113,x113,y113,z113,113,113,113,w113
114,x114,y114,z114,114,114,114,w114
115,x115,y115,z115,115,115,115,w115
116,x116,y116,z116,116,116,116,w116
117,x117,y117,z117,117,117,117,w117
118,x118,y118,z118,118,118,118,w118
119,x119,y119,z119,119,119,119,w119
120,x120,y120,z120,120,120,120,w120
121,x121,y121,z121,121,121,121,w121
122,x122,y122,z122,122,122,122,w122
123,x123,y123,z123,123,123,123,w123
124,x124,y124,z124,124,124,124,w124
125,x125,y125,z125,125,125,125,w125
126,x126,y126,z126,126,126,126,w126
127,x127,y127,z127,127,127,127,w127
128,x128,y128,z128,128,128,128,w128
129,x129,y129,z129,129,129,129,w129
130,x130,y130,z130,130,130,130,w130
131,x131,y131,z131,131,131,131,w131
132,x132,y132,z132,132,132,132,w132
133,x133,y133,z133,133,133,133,w133
134,x134,y134,z134,134,134,134,w134
135,x135,y135,z135,135,135,135,w135
136,x136,y136,z136,136,136,136,w136
137,x137,y137,z137,137,137,137,w137
138,x138,y138,z138,138,138,138,w138
139,x139,y139,z139,139,139,139,w139
140,x140,y140,z140,140,140,140,w140
141,x141,y141,z141,141,141,141,w141
142,x142,y142,z142,142,142,142,w142
143,x143,y143,z143,143,143,143,w143
144,x144,y144,z144,144,144,144,w144
145,x145,y145,z145,145,145,145,w145
146,x146,y146,z146,146,146,146,w146
147,x147,y147,z147,147,147,147,w147
148,x148,y148,z148,148,148,148,w148
149,x149,y149,z149,149,149,149,w149
150,x150,y150,z150,150,150,150,w150
151,x151,y151,z151,151,151,151,w151
152,x152,y152,z152,152,152,152,w152
153,x153,y153,z153,153,153,153,w153
154,x154,y154,z154,154,154,154,w154
155,x155,y155,z155,155,155,155,w155
156,x156,y156,z156,156,156,156,w156
157,x157,y157,z157,157,157,157,w157
158,x158,y158,z158,158,158,158,w158
159,x159,y159,z159,159,159,159,w159
160,x160,y160,z160,160,160,160,w160
161,x161,y161,z161,161,161,161,w161
162,x162,y162,z162,162,162,162,w162
163,x163,y163,z163,163,163,163,w163
164,x164,y164,z164,164,164,164,w164
165,x165,y165,z165,165,165,165,w165
166,x166,y166,z166,166,166,166,w166
167,x167,y167,z167,167,167,167,w167
168,x168,y168,z168,168,168,168,w168
169,x169,y169,z169,169,169,169,w169
170,x170,y170,z170,170,170,170,w170
171,x171,y171,z171,171,171,171,w171
172,x172,y172,z172,172,172,172,w172
173,x173,y173,z173,173,173,173,w173
174,x174,y174,z174,174,174,174,w174
175,x175,y175,z175,175,175,175,w175
176,x176,y176,z176,176,176,176,w176
177,x177,y177,z177,177,177,177,w177
178,x178,y178,z178,178,178,178,w178
179,x179,y179,z179,179,179,179,w179
180,x180,y180,z180,180,180,180,w180
181,x181,y181,z181,181,181,181,w181
182,x182,y182,z182,182,182,182,w182
183,x183,y183,z183,183,183,183,w183
184,x184,y184,z184,184,184,184,w184
185,x185,y185,z185,185,185,185,w185
186,x186,y186,z186,186,186,186,w186
187,x187,y187,z187,187,187,187,w187
188,x188,y188,z188,188,188,188,w188
189,x189,y189,z189,189,189,189,w189
190,x190,y190,z190,190,190,190,w190
191,x191,y191,z191,191,191,191,w191
192,x192,y192,z192,192,192,192,w192
193,x193,y193,z193,193,193,193,w193
194,x194,y194,z194,194,194,194,w194
195,x195,y195,z195,195,195,195,w195
196,x196,y196,z196,196,196,196,w196
197,x197,y197,z197,197,197,197,w197
198,x198,y198,z198,198,198,198,w198
199,x199,y199,z199,199,199,199,w199
200,x200,y200,z200,200,200,200,w200
201,x201,y201,z201,201,201,201,w201
202,x202,y202,z202,202,202,202,w202
203,x203,y203,z203,203,203,203,w203
204,x204,y204,z204,204,204,204,w204
205,x205,y205,z205,205,205,205,w205
206,x206,y206,z206,206,206,206,w206
207,x207,y207,z207,207,207,207,w207
208,x208,y208,z208,208,208,208,w208
209,x209,y209,z209,209,209,209,w209
210,x210,y210,z210,210,210,210,w210
211,x211,y211,z211,211,211,211,w211
212,x212,y212,z212,212,212,212,w212
213,x213,y213,z213,213,213,213,w213
214,x214,y214,z214,214,214,214,w214
215,x215,y215,z215,215,215,215,w215
216,x216,y216,z216,216,216,216,w216
217,x217,y217,z217,217,217,217,w217
218,x218,y218,z218,218,218,218,w218
219,x219,y219,z219,219,219,219,w219
220,x220,y220,z220,220,220,220,w220
221,x221,y221,z221,221,221,221,w221
222,x222,y222,z222,222,222,222,w222
223,x223,y223,z223,223,223,223,w223
224,x224,y224,z224,224,224,224,w224
225,x225,y225,z225,225,225,225,w225
226,x226,y226,z226,226,226,226,w226
227,x227,y227,z227,227,227,227,w227
228,x228,y228,z228,228,228,228,w228
229,x229,y229,z229,229,229,229,w229
230,x230,y230,z230,230,230,230,w230
231,x231,y231,z231,231,231,231,w231
232,x232,y232,z232,232,232,232,w232
233,x233,y233,z233,233,233,233,w233
234,x234,y234,z234,234,234,234,w234
235,x235,y235,z235,235,235,235,w235
236,x236,y236,z236,236,236,236,w236
237,x237,y237,z237,237,237,237,w237
238,x238,y238,z238,238,238,238,w238
239,x239,y239,z239,239,239,239,w239
240,x240,y240,z240,240,240,240,w240
241,x241,y241,z241,241,241,241,w241
242,x242,y242,z242,242,242,242,w242
243,x243,y243,z243,243,243,243,w243
244,x244,y244,z244,244,244,244,w244
245,x245,y245,z245,245,245,245,w245
246,x246,y246,z246,246,246,246,w246
247,x247,y247,z247,247,247,247,w247
248,x248,y248,z248,248,248,248,w248
249,x249,y249,z249,249,249,249,w249
250,x250,y250,z250,250,250,250,w250
251,x251,y251,z251,251,251,251,w251
252,x252,y252,z252,252,252,252,w252
253,x253,y253,z253,253,253,253,w253
254,x254,y254,z254,254,254,254,w254
255,x255,y255,z255,255,255,255,w255
256,x256,y256,z256,256,256,256,w256
257,x257,y257,z257,257,257,257,w257
258,x258,y258,z258,258,258,258,w258
259,x259,y259,z259,259,259,259,w259
260,x260,y260,z260,260,260,260,w260
261,x261,y261,z261,261,261,261,w261
262,x262,y262,z262,262,262,262,w262
263,x263,y263,z263,263,263,263,w263
264,x264,y264,z264,264,264,264,w264
265,x265,y265,z265,265,265,265,w265
266,x266,y266,z266,266,266,266,w266
267,x267,y267,z267,267,267,267,w267
268,x268,y268,z268,268,268,268,w268
269,x269,y269,z269,269,269,269,w269
270,x270,y270,z270,270,270,270,w270
271,x271,y271,z271,271,271,271,w271
272,x272,y272,z272,272,272,272,w272
273,x273,y273,z273,273,273,273,w273
274,x274,y274,z274,274,274,274,w274
275,x275,y275,z275,275,275,275,w275
276,x276,y276,z276,276,276,276,w276
277,x277,y277,z277,277,277,277,w277
278,x278,y278,z278,278,278,278,w278
279,x279,y279,z279,279,279,279,w279
280,x280,y280,z280,280,280,280,w280
281,x281,y281,z281,281,281,281,w281
282,x282,y282,z282,282,282,282,w282
283,x283,y283,z283,283,283,283,w283
284,x284,y284,z284,284,284,284,w284
285,x285,y285,z285,285,285,285,w285
286,x286,y286,z286,286,286,286,w286
287,x287,y287,z287,287,287,287,w287
288,x288,y288,z288,288,288,288,w288
289,x289,y289,z289,289,289,289,w289
290,x290,y290,z290,290,290,290,w290
291,x291,y291,z291,291,291,291,w291
292,x292,y292,z292,292,292,292,w292
293,x293,y293,z293,293,293,293,w293
294,x294,y294,z294,294,294,294,w294
295,x295,y295,z295,295,295,295,w295
296,x296,y296,z296,296,296,296,w296
297,x297,y297,z297,297,297,297,w297
298,x298,y298,z298,298,298,298,w298
299,x299,y299,z299,299,299,299,w299
300,x300,y300,z300,300,300,300,w300
301,x301,y301,z301,301,301,301,w301
302,x302,y302,z302,302,302,302,w302
303,x303,y303,z303,303,303,303,w303
304,x304,y304,z304,304,304,304,w304
305,x305,y305,z305,305,305,305,w305
306,x306,y306,z306,306,306,306,w306
307,x307,y307,z307,307,307,307,w307
308,x308,y308,z308,308,308,308,w308
309,x309,y309,z309,309,309,309,w309
310,x310,y310,z310,310,310,310,w310
311,x311,y311,z311,311,311,311,w311
312,x312,y312,z312,312,312,312,w312
313,x313,y313,z313,313,313,313,w313
314,x314,y314,z314,314,314,314,w314
315,x315,y315,z315,315,315,315,w315
316,x316,y316,z316,316,316,316,w316
317,x317,y317,z317,317,317,317,w317
318,x318,y318,z318,318,318,318,w318
319,x319,y319,z319,319,319,319,w319
320,x320,y320,z320,320,320,320,w320
321,x321,y321,z321,321,321,321,w321
322,x322,y322,z322,322,322,322,w322
323,x323,y323,z323,323,323,323,w323
324,x324,y324,z324,324,324,324,w324
325,x325,y325,z325,325,325,325,w325
326,x326,y326,z326,326,326,326,w326
327,x327,y327,z327,327,327,327,w327
328,x328,y328,z328,328,328,328,w328
329,x329,y329,z329,329,329,329,w329
330,x330,y330,z330,330,330,330,w330
331,x331,y331,z331,331,331,331,w331
332,x332,y332,z332,332,332,332,w332
333,x333,y333,z333,333,333,333,w333
334,x334,y334,z334,334,334,334,w334
335,x335,y335,z335,335,335,335,w335
336,x336,y336,z336,336,336,336,w336
337,x337,y337,z337,337,337,337,w337
338,x338,y338,z338,338,338,338,w338
339,x339,y339,z339,339,339,339,w339
340,x340,y340,z340,340,340,340,w340
341,x341,y341,z341,341,341,341,w341
342,x342,y342,z342,342,342,342,w342
343,x343,y343,z343,343,343,343,w343
344,x344,y344,z344,344,344,344,w344
345,x345,y345,z345,345,345,345,w345
346,x346,y346,z346,346,346,346,w346
347,x347,y347,z347,347,347,347,w347
348,x348,y348,z348,348,348,348,w348
349,x349,y349,z349,349,349,349,w349
350,x350,y350,z350,350,350,350,w350
351,x351,y351,z351,351,351,351,w351
352,x352,y352,z352,352,352,352,w352
353,x353,y353,z353,353,353,353,w353
354,x354,y354,z354,354,354,354,w354
355,x355,y355,z355,355,355,355,w355
356,x356,y356,z356,356,356,356,w356
357,x357,y357,z357,357,357,357,w357
358,x358,y358,z358,358,358,358,w358
359,x359,y359,z359,359,359,359,w359
360,x360,y360,z360,360,360,360,w360
361,x361,y361,z361,361,361,361,w361
362,x362,y362,z362,362,362,362,w362
363,x363,y363,z363,363,363,363,w363
364,x364,y364,z364,364,364,364,w364
365,x365,y365,z365,365,365,365,w365
366,x366,y366,z366,366,366,366,w366
367,x367,y367,z367,367,367,367,w367
368,x368,y368,z368,368,368,368,w368
369,x369,y369,z369,369,369,369,w369
370,x370,y370,z370,370,370,370,w370
371,x371,y371,z371,371,371,371,w371
372,x372,y372,z372,372,372,372,w372
373,x373,y373,z373,373,373,373,w373
374,x374,y374,z374,374,374,374,w374
375,x375,y375,z375,375,375,375,w375
376,x376,y376,z376,376,376,376,w376
377,x377,y377,z377,377,377,377,w377
378,x378,y378,z378,378,378,378,w378
379,x379,y379,z379,379,379,379,w379
380,x380,y380,z380,380,380,380,w380
381,x381,y381,z381,381,381,381,w381
382,x382,y382,z382,382,382,382,w382
383,x383,y383,z383,383,383,383,w383
384,x384,y384,z384,384,384,384,w384
385,x385,y385,z385,385,385,385,w385
386,x386,y386,z386,386,386,386,w386
387,x387,y387,z387,387,387,387,w387
388,x388,y388,z388,388,388,388,w388
389,x389,y389,z389,389,389,389,w389
390,x390,y390,z390,390,390,390,w390
391,x391,y391,z391,391,391,391,w391
392,x392,y392,z392,392,392,392,w392
393,x393,y393,z393,393,393,393,w393
394,x394,y394,z394,394,394,394,w394
395,x395,y395,z395,395,395,395,w395
396,x396,y396,z396,396,396,396,w396
397,x397,y397,z397,397,397,397,w397
398,x398,y398,z398,398,398,398,w398
399,x399,y399,z399,399,399,399,w399
400,x400,y400,z400,400,400,400,w400
401,x401,y401,z401,401,401,401,w401
402,x402,y402,z402,402,402,402,w402
403,x403,y403,z403,403,403,403,w403
404,x404,y404,z404,404,404,404,w404
405,x405,y405,z405,405,405,405,w405
406,x406,y406,z406,406,406,406,w406
407,x407,y407,z407,407,407,407,w407
408,x408,y408,z408,408,408,408,w408
409,x409,y409,z409,409,409,409,w409
410,x410,y410,z410,410,410,410,w410
411,x411,y411,z411,411,411,411,w411
412,x412,y412,z412,412,412,412,w412
413,x413,y413,z413,413,413,413,w413
414,x414,y414,z414,414,414,414,w414
415,x415,y415,z415,415,415,415,w415
416,x416,y416,z416,416,416,416,w416
417,x417,y417,z417,417,417,417,w417
418,x418,y418,z418,418,418,418,w418
419,x419,y419,z419,419,419,419,w419
420,x420,y420,z420,420,420,420,w420
421,x421,y421,z421,421,421,421,w421
422,x422,y422,z422,422,422,422,w422
423,x423,y423,z423,423,423,423,w423
424,x424,y424,z424,424,424,424,w424
425,x425,y425,z425,425,425,425,w425
426,x426,y426,z426,426,426,426,w426
427,x427,y427,z427,427,427,427,w427
428,x428,y428,z428,428,428,428,w428
429,x429,y429,z429,429,429,429,w429
430,x430,y430,z430,430,430,430,w430
431,x431,y431,z431,431,431,431,w431
432,x432,y432,z432,432,432,432,w432
433,x433,y433,z433,433,433,433,w433
434,x434,y434,z434,434,434,434,w434
435,x435,y435,z435,435,435,435,w435
436,x436,y436,z436,436,436,436,w436
437,x437,y437,z437,437,437,437,w437
438,x438,y438,z438,438,438,438,w438
439,x439,y439,z439,439,439,439,w439
440,x440,y440,z440,440,440,440,w440
441,x441,y441,z441,441,441,441,w441
442,x442,y442,z442,442,442,442,w442
443,x443,y443,z443,443,443,443,w443
444,x444,y444,z444,444,444,444,w444
445,x445,y445,z445,445,445,445,w445
446,x446,y446,z446,446,446,446,w446
447,x447,y447,z447,447,447,447,w447
448,x448,y448,z448,448,448,448,w448
449,x449,y449,z449,449,449,449,w449
450,x450,y450,z450,450,450,450,w450
451,x451,y451,z451,451,451,451,w451
452,x452,y452,z452,452,452,452,w452
453,x453,y453,z453,453,453,453,w453
454,x454,y454,z454,454,454,454,w454
455,x455,y455,z455,455,455,455,w455
456,x456,y456,z456,456,456,456,w456
457,x457,y457,z457,457,457,457,w457
458,x458,y458,z458,458,458,458,w458
459,x459,y459,z459,459,459,459,w459
460,x460,y460,z460,460,460,460,w460
461,x461,y461,z461,461,461,461,w461
462,x462,y462,z462,462,462,462,w462
463,x463,y463,z463,463,463,463,w463
464,x464,y464,z464,464,464,464,w464
465,x465,y465,z465,465,465,465,w465
466,x466,y466,z466,466,466,466,w466
467,x467,y467,z467,467,467,467,w467
468,x468,y468,z468,468,468,468,w468
469,x469,y469,z469,469,469,469,w469
470,x470,y470,z470,470,470,470,w470
471,x471,y471,z471,471,471,471,w471
472,x472,y472,z472,472,472,472,w472
473,x473,y473,z473,473,473,473,w473
474,x474,y474,z474,474,474,474,w474
475,x475,y475,z475,475,475,475,w475
476,x476,y476,z476,476,476,476,w476
477,x477,y477,z477,477,477,477,w477
478,x478,y478,z478,478,478,478,w478
479,x479,y479,z479,479,479,479,w479
480,x480,y480,z480,480,480,480,w480
481,x481,y481,z481,481,481,481,w481
482,x482,y482,z482,482,482,482,w482
483,x483,y483,z483,483,483,483,w483
484,x484,y484,z484,484,484,484,w484
485,x485,y485,z485,485,485,485,w485
486,x486,y486,z486,486,486,486,w486
487,x487,y487,z487,487,487,487,w487
488,x488,y488,z488,488,488,488,w488
489,x489,y489,z489,489,489,489,w489
490,x490,y490,z490,490,490,490,w490
491,x491,y491,z491,491,491,491,w491
492,x492,y492,z492,492,492,492,w492
493,x493,y493,z493,493,493,493,w493
494,x494,y494,z494,494,494,494,w494
495,x495,y495,z495,495,495,495,w495
496,x496,y496,z496,496,496,496,w496
497,x497,y497,z497,497,497,497,w497
498,x498,y498,z498,498,498,498,w498
499,x499,y499,z499,499,499,499,w499
500,x500,y500,z500,500,500,500,w500
501,x501,y501,z501,501,501,501,w501
502,x502,y502,z502,502,502,502,w502
503,x503,y503,z503,503,503,503,w503
504,x504,y504,z504,504,504,504,w504
505,x505,y505,z505,505,505,505,w505
506,x506,y506,z506,506,506,506,w506
507,x507,y507,z507,507,507,507,w507
508,x508,y508,z508,508,508,508,w508
509,x509,y509,z509,509,509,509,w509
510,x510,y510,z510,510,510,510,w510
511,x511,y511,z511,511,511,511,w511
512,x512,y512,z512,512,512,512,w512
513,x513,y513,z513,513,513,513,w513
514,x514,y514,z514,514,514,514,w514
515,x515,y515,z515,515,515,515,w515
516,x516,y516,z516,516,516,516,w516
517,x517,y517,z517,517,517,517,w517
518,x518,y518,z518,518,518,518,w518
519,x519,y519,z519,519,519,519,w519
520,x520,y520,z520,520,520,520,w520
521,x521,y521,z521,521,521,521,w521
522,x522,y522,z522,522,522,522,w522
523,x523,y523,z523,523,523,523,w523
524,x524,y524,z524,524,524,524,w524
525,x525,y525,z525,525,525,525,w525
526,x526,y526,z526,526,526,526,w526
527,x527,y527,z527,527,527,527,w527
528,x528,y528,z528,528,528,528,w528
529,x529,y529,z529,529,529,529,w529
530,x530,y530,z530,530,530,530,w530
531,x531,y531,z531,531,531,531,w531
532,x532,y532,z532,532,532,532,w532
533,x533,y533,z533,533,533,533,w533
534,x534,y534,z534,534,534,534,w534
535,x535,y535,z535,535,535,535,w535
536,x536,y536,z536,536,536,536,w536
537,x537,y537,z537,537,537,537,w537
538,x538,y538,z538,538,538,538,w538
539,x539,y539,z539,539,539,539,w539
540,x540,y540,z540,540,540,540,w540
541,x541,y541,z541,541,541,541,w541
542,x542,y542,z542,542,542,542,w542
543,x543,y543,z543,543,543,543,w543
544,x544,y544,z544,544,544,544,w544
545,x545,y545,z545,545,545,545,w545
546,x546,y546,z546,546,546,546,w546
547,x547,y547,z547,547,547,547,w547
548,x548,y548,z548,548,548,548,w548
549,x549,y549,z549,549,549,549,w549
550,x550,y550,z550,550,550,550,w550
551,x551,y551,z551,551,551,551,w551
552,x552,y552,z552,552,552,552,w552
553,x553,y553,z553,553,553,553,w553
554,x554,y554,z554,554,554,554,w554
555,x555,y555,z555,555,555,555,w555
556,x556,y556,z556,556,556,556,w556
557,x557,y557,z557,557,557,557,w557
558,x558,y558,z558,558,558,558,w558
559,x559,y559,z559,559,559,559,w559
560,x560,y560,z560,560,560,560,w560
561,x561,y561,z561,561,561,561,w561
562,x562,y562,z562,562,562,562,w562
563,x563,y563,z563,563,563,563,w563
564,x564,y564,z564,564,564,564,w564
565,x565,y565,z565,565,565,565,w565
566,x566,y566,z566,566,566,566,w566
567,x567,y567,z567,567,567,567,w567
568,x568,y568,z568,568,568,568,w568
569,x569,y569,z569,569,569,569,w569
570,x570,y570,z570,570,570,570,w570
571,x571,y571,z571,571,571,571,w571
572,x572,y572,z572,572,572,572,w572
573,x573,y573,z573,573,573,573,w573
574,x574,y574,z574,574,574,574,w574
575,x575,y575,z575,575,575,575,w575
576,x576,y576,z576,576,576,576,w576
577,x577,y577,z577,577,577,577,w577
578,x578,y578,z578,578,578,578,w578
579,x579,y579,z579,579,579,579,w579
580,x580,y580,z580,580,580,580,w580
581,x581,y581,z581,581,581,581,w581
582,x582,y582,z582,582,582,582,w582
583,x583,y583,z583,583,583,583,w583
584,x584,y584,z584,584,584,584,w584
585,x585,y585,z585,585,585,585,w585
586,x586,y586,z586,586,586,586,w586
587,x587,y587,z587,587,587,587,w587
588,x588,y588,z588,588,588,588,w588
589,x589,y589,z589,589,589,589,w589
590,x590,y590,z590,590,590,590,w590
591,x591,y591,z591,591,591,591,w591
592,x592,y592,z592,592,592,592,w592
593,x593,y593,z593,593,593,593,w593
594,x594,y594,z594,594,594,594,w594
595,x595,y595,z595,595,595,595,w595
596,x596,y596,z596,596,596,596,w596
597,x597,y597,z597,597,597,597,w597
598,x598,y598,z598,598,598,598,w598
599,x599,y599,z599,599,599,599,w599
600,x600,y600,z600,600,600,600,w600
601,x601,y601,z601,601,601,601,w601
602,x602,y602,z602,602,602,602,w602
603,x603,y603,z603,603,603,603,w603
604,x604,y604,z604,604,604,604,w604
605,x605,y605,z605,605,605,605,w605
606,x606,y606,z606,606,606,606,w606
607,x607,y607,z607,607,607,607,w607
608,x608,y608,z608,608,608,608,w608
609,x609,y609,z609,609,609,609,w609
610,x610,y610,z610,610,610,610,w610
611,x611,y611,z611,611,611,611,w611
612,x612,y612,z612,612,612,612,w612
613,x613,y613,z613,613,613,613,w613
614,x614,y614,z614,614,614,614,w614
615,x615,y615,z615,615,615,615,w615
616,x616,y616,z616,616,616,616,w616
617,x617,y617,z617,617,617,617,w617
618,x618,y618,z618,618,618,618,w618
619,x619,y619,z619,619,619,619,w619
620,x620,y620,z620,620,620,620,w620
621,x621,y621,z621,621,621,621,w621
622,x622,y622,z622,622,622,622,w622
623,x623,y623,z623,623,623,623,w623
624,x624,y624,z624,624,624,624,w624
625,x625,y625,z625,625,625,625,w625
626,x626,y626,z626,626,626,626,w626
627,x627,y627,z627,627,627,627,w627
628,x628,y628,z628,628,628,628,w628
629,x629,y629,z629,629,629,629,w629
630,x630,y630,z630,630,630,630,w630
631,x631,y631,z631,631,631,631,w631
632,x632,y632,z632,632,632,632,w632
633,x633,y633,z633,633,633,633,w633
634,x634,y634,z634,634,634,634,w634
635,x635,y635,z635,635,635,635,w635
636,x636,y636,z636,636,636,636,w636
637,x637,y637,z637,637,637,637,w637
638,x638,y638,z638,638,638,638,w638
639,x639,y639,z639,639,639,639,w639
640,x640,y640,z640,640,640,640,w640
641,x641,y641,z641,641,641,641,w641
642,x642,y642,z642,642,642,642,w642
643,x643,y643,z643,643,643,643,w643
644,x644,y644,z644,644,644,644,w644
645,x645,y645,z645,645,645,645,w645
646,x646,y646,z646,646,646,646,w646
647,x647,y647,z647,647,647,647,w647
648,x648,y648,z648,648,648,648,w648
649,x649,y649,z649,649,649,649,w649
650,x650,y650,z650,650,650,650,w650
651,x651,y651,z651,651,651,651,w651
652,x652,y652,z652,652,652,652,w652
653,x653,y653,z653,653,653,653,w653
654,x654,y654,z654,654,654,654,w654
655,x655,y655,z655,655,655,655,w655
656,x656,y656,z656,656,656,656,w656
657,x657,y657,z657,657,657,657,w657
658,x658,y658,z658,658,658,658,w658
659,x659,y659,z659,659,659,659,w659
660,x660,y660,z660,660,660,660,w660
661,x661,y661,z661,661,661,661,w661
662,x662,y662,z662,662,662,662,w662
663,x663,y663,z663,663,663,663,w663
664,x664,y664,z664,664,664,664,w664
665,x665,y665,z665,665,665,665,w665
666,x666,y666,z666,666,666,666,w666
667,x667,y667,z667,667,667,667,w667
668,x668,y668,z668,668,668,668,w668
669,x669,y669,z669,669,669,669,w669
670,x670,y670,z670,670,670,670,w670
671,x671,y671,z671,671,671,671,w671
672,x672,y672,z672,672,672,672,w672
673,x673,y673,z673,673,673,673,w673
674,x674,y674,z674,674,674,674,w674
675,x675,y675,z675,675,675,675,w675
676,x676,y676,z676,676,676,676,w676
677,x677,y677,z677,677,677,677,w677
678,x678,y678,z678,678,678,678,w678
679,x679,y679,z679,679,679,679,w679
680,x680,y680,z680,680,680,680,w680
681,x681,y681,z681,681,681,681,w681
682,x682,y682,z682,682,682,682,w682
683,x683,y683,z683,683,683,683,w683
684,x684,y684,z684,684,684,684,w684
685,x685,y685,z685,685,685,685,w685
686,x686,y686,z686,686,686,686,w686
687,x687,y687,z687,687,687,687,w687
688,x688,y688,z688,688,688,688,w688
689,x689,y689,z689,689,689,689,w689
690,x690,y690,z690,690,690,690,w690
691,x691,y691,z691,691,691,691,w691
692,x692,y692,z692,692,692,692,w692
693,x693,y693,z693,693,693,693,w693
694,x694,y694,z694,694,694,694,w694
695,x695,y695,z695,695,695,695,w695
696,x696,y696,z696,696,696,696,w696
697,x697,y697,z697,697,697,697,w697
698,x698,y698,z698,698,698,698,w698
699,x699,y699,z699,699,699,699,w699
700,x700,y700,z700,700,700,700,w700
701,x701,y701,z701,701,701,701,w701
702,x702,y702,z702,702,702,702,w702
703,x703,y703,z703,703,703,703,w703
704,x704,y704,z704,704,704,704,w704
705,x705,y705,z705,705,705,705,w705
706,x706,y706,z706,706,706,706,w706
707,x707,y707,z707,707,707,707,w707
708,x708,y708,z708,708,708,708,w708
709,x709,y709,z709,709,709,709,w709
710,x710,y710,z710,710,710,710,w710
711,x711,y711,z711,711,711,711,w711
712,x712,y712,z712,712,712,712,w712
713,x713,y713,z713,713,713,713,w713
714,x714,y714,z714,714,714,714,w714
715,x715,y715,z715,715,715,715,w715
716,x716,y716,z716,716,716,716,w716
717,x717,y717,z717,717,717,717,w717
718,x718,y718,z718,718,718,718,w718
719,x719,y719,z719,719,719,719,w719
720,x720,y720,z720,720,720,720,w720
721,x721,y721,z721,721,721,721,w721
722,x722,y722,z722,722,722,722,w722
723,x723,y723,z723,723,723,723,w723
724,x724,y724,z724,724,724,724,w724
725,x725,y725,z725,725,725,725,w725
726,x726,y726,z726,726,726,726,w726
727,x727,y727,z727,727,727,727,w727
728,x728,y728,z728,728,728,728,w728
729,x729,y729,z729,729,729,729,w729
730,x730,y730,z730,730,730,730,w730
731,x731,y731,z731,731,731,731,w731
732,x732,y732,z732,732,732,732,w732
733,x733,y733,z733,733,733,733,w733
734,x734,y734,z734,734,734,734,w734
735,x735,y735,z735,735,735,735,w735
736,x736,y736,z736,736,736,736,w736
737,x737,y737,z737,737,737,737,w737
738,x738,y738,z738,738,738,738,w738
739,x739,y739,z739,739,739,739,w739
740,x740,y740,z740,740,740,740,w740
741,x741,y741,z741,741,741,741,w741
742,x742,y742,z742,742,742,742,w742
743,x743,y743,z743,743,743,743,w743
744,x744,y744,z744,744,744,744,w744
745,x745,y745,z745,745,745,745,w745
746,x746,y746,z746,746,746,746,w746
747,x747,y747,z747,747,747,747,w747
748,x748,y748,z748,748,748,748,w748
749,x749,y749,z749,749,749,749,w749
750,x750,y750,z750,750,750,750,w750
751,x751,y751,z751,751,751,751,w751
752,x752,y752,z752,752,752,752,w752
753,x753,y753,z753,753,753,753,w753
754,x754,y754,z754,754,754,754,w754
755,x755,y755,z755,755,755,755,w755
756,x756,y756,z756,756,756,756,w756
757,x757,y757,z757,757,757,757,w757
758,x758,y758,z758,758,758,758,w758
759,x759,y759,z759,759,759,759,w759
760,x760,y760,z760,760,760,760,w760
761,x761,y761,z761,761,761,761,w761
762,x762,y762,z762,762,762,762,w762
763,x763,y763,z763,763,763,763,w763
764,x764,y764,z764,764,764,764,w764
765,x765,y765,z765,765,765,765,w765
766,x766,y766,z766,766,766,766,w766
767,x767,y767,z767,767,767,767,w767
768,x768,y768,z768,768,768,768,w768
769,x769,y769,z769,769,769,769,w769
770,x770,y770,z770,770,770,770,w770
771,x771,y771,z771,771,771,771,w771
772,x772,y772,z772,772,772,772,w772
773,x773,y773,z773,773,773,773,w773
774,x774,y774,z774,774,774,774,w774
775,x775,y775,z775,775,775,775,w775
776,x776,y776,z776,776,776,776,w776
777,x777,y777,z777,777,777,777,w777
778,x778,y778,z778,778,778,778,w778
779,x779,y779,z779,779,779,779,w779
780,x780,y780,z780,780,780,780,w780
781,x781,y781,z781,781,781,781,w781
782,x782,y782,z782,782,782,782,w782
783,x783,y783,z783,783,783,783,w783
784,x784,y784,z784,784,784,784,w784
785,x785,y785,z785,785,785,785,w785
786,x786,y786,z786,786,786,786,w786
787,x787,y787,z787,787,787,787,w787
788,x788,y788,z788,788,788,788,w788
789,x789,y789,z789,789,789,789,w789
790,x790,y790,z790,790,790,790,w790
791,x791,y791,z791,791,791,791,w791
792,x792,y792,z792,792,792,792,w792
793,x793,y793,z793,793,793,793,w793
794,x794,y794,z794,794,794,794,w794
795,x795,y795,z795,795,795,795,w795
796,x796,y796,z796,796,796,796,w796
797,x797,y797,z797,797,797,797,w797
798,x798,y798,z798,798,798,798,w798
799,x799,y799,z799,799,799,799,w799
800,x800,y800,z800,800,800,800,w800
801,x801,y801,z801,801,801,801,w801
802,x802,y802,z802,802,802,802,w802
803,x803,y803,z803,803,803,803,w803
804,x804,y804,z804,804,804,804,w804
805,x805,y805,z805,805,805,805,w805
806,x806,y806,z806,806,806,806,w806
807,x807,y807,z807,807,807,807,w807
808,x808,y808,z808,808,808,808,w808
809,x809,y809,z809,809,809,809,w809
810,x810,y810,z810,810,810,810,w810
811,x811,y811,z811,811,811,811,w811
812,x812,y812,z812,812,812,812,w812
813,x813,y813,z813,813,813,813,w813
814,x814,y814,z814,814,814,814,w814
815,x815,y815,z815,815,815,815,w815
816,x816,y816,z816,816,816,816,w816
817,x817,y817,z817,817,817,817,w817
818,x818,y818,z818,818,818,818,w818
819,x819,y819,z819,819,819,819,w819
820,x820,y820,z820,820,820,820,w820
821,x821,y821,z821,821,821,821,w821
822,x822,y822,z822,822,822,822,w822
823,x823,y823,z823,823,823,823,w823
824,x824,y824,z824,824,824,824,w824
825,x825,y825,z825,825,825,825,w825
826,x826,y826,z826,826,826,826,w826
827,x827,y827,z827,827,827,827,w827
828,x828,y828,z828,828,828,828,w828
829,x829,y829,z829,829,829,829,w829
830,x830,y830,z830,830,830,830,w830
831,x831,y831,z831,831,831,831,w831
832,x832,y832,z832,832,832,832,w832
833,x833,y833,z833,833,833,833,w833
834,x834,y834,z834,834,834,834,w834
835,x835,y835,z835,835,835,835,w835
836,x836,y836,z836,836,836,836,w836
837,x837,y837,z837,837,837,837,w837
838,x838,y838,z838,838,838,838,w838
839,x839,y839,z839,839,839,839,w839
840,x840,y840,z840,840,840,840,w840
841,x841,y841,z841,841,841,841,w841
842,x842,y842,z842,842,842,842,w842
843,x843,y843,z843,843,843,843,w843
844,x844,y844,z844,844,844,844,w844
845,x845,y845,z845,845,845,845,w845
846,x846,y846,z846,846,846,846,w846
847,x847,y847,z847,847,847,847,w847
848,x848,y848,z848,848,848,848,w848
849,x849,y849,z849,849,849,849,w849
850,x850,y850,z850,850,850,850,w850
851,x851,y851,z851,851,851,851,w851
852,x852,y852,z852,852,852,852,w852
853,x853,y853,z853,853,853,853,w853
854,x854,y854,z854,854,854,854,w854
855,x855,y855,z855,855,855,855,w855
856,x856,y856,z856,856,856,856,w856
857,x857,y857,z857,857,857,857,w857
858,x858,y858,z858,858,858,858,w858
859,x859,y859,z859,859,859,859,w859
860,x860,y860,z860,860,860,860,w860
861,x861,y861,z861,861,861,861,w861
862,x862,y862,z862,862,862,862,w862
863,x863,y863,z863,863,863,863,w863
864,x864,y864,z864,864,864,864,w864
865,x865,y865,z865,865,865,865,w865
866,x866,y866,z866,866,866,866,w866
867,x867,y867,z867,867,867,867,w867
868,x868,y868,z868,868,868,868,w868
869,x869,y869,z869,869,869,869,w869
870,x870,y870,z870,870,870,870,w870
871,x871,y871,z871,871,871,871,w871
872,x872,y872,z872,872,872,872,w872
873,x873,y873,z873,873,873,873,w873
874,x874,y874,z874,874,874,874,w874
875,x875,y875,z875,875,875,875,w875
876,x876,y876,z876,876,876,876,w876
877,x877,y877,z877,877,877,877,w877
878,x878,y878,z878,878,878,878,w878
879,x879,y879,z879,879,879,879,w879
880,x880,y880,z880,880,880,880,w880
881,x881,y881,z881,881,881,881,w881
882,x882,y882,z882,882,882,882,w882
883,x883,y883,z883,883,883,883,w883
884,x884,y884,z884,884,884,884,w884
885,x885,y885,z885,885,885,885,w885
886,x886,y886,z886,886,886,886,w886
887,x887,y887,z887,887,887,887,w887
888,x888,y888,z888,888,888,888,w888
889,x889,y889,z889,889,889,889,w889
890,x890,y890,z890,890,890,890,w890
891,x891,y891,z891,891,891,891,w891
892,x892,y892,z892,892,892,892,w892
893,x893,y893,z893,893,893,893,w893
894,x894,y894,z894,894,894,894,w894
895,x895,y895,z895,895,895,895,w895
896,x896,y896,z896,896,896,896,w896
897,x897,y897,z897,897,897,897,w897
898,x898,y898,z898,898,898,898,w898
899,x899,y899,z899,899,899,899,w899
900,x900,y900,z900,900,900,900,w900
901,x901,y901,z901,901,901,901,w901
902,x902,y902,z902,902,902,902,w902
903,x903,y903,z903,903,903,903,w903
904,x904,y904,z904,904,904,904,w904
905,x905,y905,z905,905,905,905,w905
906,x906,y906,z906,906,906,906,w906
907,x907,y907,z907,907,907,907,w907
908,x908,y908,z908,908,908,908,w908
909,x909,y909,z909,909,909,909,w909
910,x910,y910,z910,910,910,910,w910
911,x911,y911,z911,911,911,911,w911
912,x912,y912,z912,912,912,912,w912
913,x913,y913,z913,913,913,913,w913
914,x914,y914,z914,914,914,914,w914
915,x915,y915,z915,915,915,915,w915
916,x916,y916,z916,916,916,916,w916
917,x917,y917,z917,917,917,917,w917
918,x918,y918,z918,918,918,918,w918
919,x919,y919,z919,919,919,919,w919
920,x920,y920,z920,920,920,920,w920
921,x921,y921,z921,921,921,921,w921
922,x922,y922,z922,922,922,922,w922
923,x923,y923,z923,923,923,923,w923
924,x924,y924,z924,924,924,924,w924
925,x925,y925,z925,925,925,925,w925
926,x926,y926,z926,926,926,926,w926
927,x927,y927,z927,927,927,927,w927
928,x928,y928,z928,928,928,928,w928
929,x929,y929,z929,929,929,929,w929
930,x930,y930,z930,930,930,930,w930
931,x931,y931,z931,931,931,931,w931
932,x932,y932,z932,932,932,932,w932
933,x933,y933,z933,933,933,933,w933
934,x934,y934,z934,934,934,934,w934
935,x935,y935,z935,935,935,935,w935
936,x936,y936,z936,936,936,936,w936
937,x937,y937,z937,937,937,937,w937
938,x938,y938,z938,938,938,938,w938
939,x939,y939,z939,939,939,939,w939
940,x940,y940,z940,940,940,940,w940
941,x941,y941,z941,941,941,941,w941
942,x942,y942,z942,942,942,942,w942
943,x943,y943,z943,943,943,943,w943
944,x944,y944,z944,944,944,944,w944
945,x945,y945,z945,945,945,945,w945
946,x946,y946,z946,946,946,946,w946
947,x947,y947,z947,947,947,947,w947
948,x948,y948,z948,948,948,948,w948
949,x949,y949,z949,949,949,949,w949
950,x950,y950,z950,950,950,950,w950
951,x951,y951,z951,951,951,951,w951
952,x952,y952,z952,952,952,952,w952
953,x953,y953,z953,953,953,953,w953
954,x954,y954,z954,954,954,954,w954
955,x955,y955,z955,955,955,955,w955
956,x956,y956,z956,956,956,956,w956
957,x957,y957,z957,957,957,957,w957
958,x958,y958,z958,958,958,958,w958
959,x959,y959,z959,959,959,959,w959
960,x960,y960,z960,960,960,960,w960
961,x961,y961,z961,961,961,961,w961
962,x962,y962,z962,962,962,962,w962
963,x963,y963,z963,963,963,963,w963
964,x964,y964,z964,964,964,964,w964
965,x965,y965,z965,965,965,965,w965
966,x966,y966,z966,966,966,966,w966
967,x967,y967,z967,967,967,967,w967
968,x968,y968,z968,968,968,968,w968
969,x969,y969,z969,969,969,969,w969
970,x970,y970,z970,970,970,970,w970
971,x971,y971,z971,971,971,971,w971
972,x972,y972,z972,972,972,972,w972
973,x973,y973,z973,973,973,973,w973
974,x974,y974,z974,974,974,974,w974
975,x975,y975,z975,975,975,975,w975
976,x976,y976,z976,976,976,976,w976
977,x977,y977,z977,977,977,977,w977
978,x978,y978,z978,978,978,978,w978
979,x979,y979,z979,979,979,979,w979
980,x980,y980,z980,980,980,980,w980
981,x981,y981,z981,981,981,981,w981
982,x982,y982,z982,982,982,982,w982
983,x983,y983,z983,983,983,983,w983
984,x984,y984,z984,984,984,984,w984
985,x985,y985,z985,985,985,985,w985
986,x986,y986,z986,986,986,986,w986
987,x987,y987,z987,987,987,987,w987
988,x988,y988,z988,988,988,988,w988
989,x989,y989,z989,989,989,989,w989
990,x990,y990,z990,990,990,990,w990
991,x991,y991,z991,991,991,991,w991
992,x992,y992,z992,992,992,992,w992
993,x993,y993,z993,993,993,993,w993
994,x994,y994,z994,994,994,994,w994
995,x995,y995,z995,995,995,995,w995
996,x996,y996,z996,996,996,996,w996
997,x997,y997,z997,997,997,997,w997
998,x998,y998,z998,998,998,998,w998
999,x999,y999,z999,999,999,999,w999
1000,x1000,y1000,z1000,999,999,999,w1000
